ImageID,label
d41fa38d-af8d-40ad-878d-5926a97f5e26.png,14
8d96aece-88ce-4d42-8312-1b9f88f36d4c.png,20
913cf8c3-4bb3-41c7-bfdb-619d7d205070.png,41
62b84528-b0e5-4019-b384-115e592d99c9.png,33
5715a58c-c53c-4c60-b082-b71f28d97d8e.png,47
ced1fab7-0169-4e34-979a-db127e248db9.png,40
f06764a0-f749-45b3-88af-48a4c939754b.png,37
bedc621d-d780-47f9-a694-6371e25b7010.png,9
37b1a00d-605d-4ed0-a198-6e2cd1d08ecb.png,53
296dbb8c-0234-4ad3-b314-feeda671b634.png,11
39bb27c9-9436-4de3-ab2c-9c9029d1e46a.png,19
01265f95-eed1-4c0f-ba41-c205fc383858.png,36
bcb75796-34a2-4d0e-a9f5-ca38d01eaae1.png,38
d5a038c4-0291-4b45-82a4-c9d67a52d7e5.png,51
11cf7234-0167-4fda-93be-cd3471f001f0.png,32
e5ec4fb4-c5c4-46a9-854a-153cbf800e02.png,31
7ac17abe-d720-4410-bbc7-708d9c378371.png,19
ae1811e4-997c-4cfd-a351-b000946b7f7d.png,15
e4349e97-d50e-4b8f-8986-9574a9b77e3f.png,15
f79fbf8f-d6f8-4ea3-8e48-f41b89cb5be1.png,13
52cfaaa0-66b0-4e32-8e8e-b2b6e8a63b3c.png,45
df65974f-4592-448c-bd22-67e25d875848.png,15
8f5f1bde-1969-4326-a15c-d159fdf5b888.png,27
86796620-838f-4267-8fbe-fdf915c5fedd.png,9
62982a62-ceb7-4c03-9588-fee9059f7895.png,17
d691ced3-3859-4b18-a22e-469c01682a0c.png,33
b8c5510d-aa63-4977-a4c6-4866b6b30f45.png,20
17fd5de7-d5d7-47dc-8645-5bdf511eb02d.png,23
0d8572d0-0422-4be7-a096-8f370f5ead9d.png,53
e3b2d2d0-5fd5-4c77-88b3-1568edcfe1e0.png,49
1d23667b-5c59-4e27-a2bd-ea5572b02c2c.png,26
78c1c29c-538e-4d0c-a35a-7602820dc5cd.png,54
e8867e97-d6d3-4e38-9594-5ba7715b8437.png,18
26d4c764-fb0c-40e7-90d5-f85b05b88ca4.png,9
8dc78d93-c30d-4fbc-8ac9-23b16fa76b84.png,49
35a15b00-3438-4ab6-8ed6-59e726026693.png,10
c2d680e4-03bc-480c-a9d8-ad72bb68ee6c.png,16
4073d34d-824b-45f4-b982-3d94779bf75d.png,0
b754e0fb-9fd4-4dcc-b7e7-39ef84dadf98.png,23
363b18b6-1f7e-4fb5-b627-e930918dc491.png,32
50af5ec9-17aa-4c1c-8e1e-ee348a2e5df4.png,23
468a459b-4355-445c-8f86-06a867e60c3c.png,17
086a47d1-b04d-4536-806b-158744d82b1c.png,35
87f445b6-ad32-40c6-9a44-46eba4019d62.png,53
16ef370c-847a-418d-8062-d5fd191074dd.png,2
ea8de7df-bf07-4c53-941e-3f8f3594b182.png,3
6e6a6088-3da5-4246-9475-0740e7aa8fe3.png,47
fa4d2c81-b824-468b-93ec-4eee48377141.png,3
bb74d503-38ca-4f71-9efb-3d741b1edb2d.png,13
11d443b0-8ab5-4660-b3a3-eceb6619ec4e.png,33
c7fae412-1319-4b38-8346-0b477e83f5d8.png,33
3a7fb826-6529-40b6-9940-9c2580121b34.png,27
2e8523fc-aae8-45c2-a69b-3756b38dfb04.png,28
58e1369c-8db1-47fd-a00a-94117b402b81.png,49
11afbf1c-450f-4e27-9906-660a29442c00.png,53
27fc7184-cfbb-4781-91ff-af24ce58f9b3.png,39
2926b7f6-7733-476b-804b-278256ce0bd9.png,9
5b71b710-d1c7-42a0-aea0-95636a7cea3a.png,20
c878d586-f479-47e1-b75d-d1e5114ff569.png,32
101760d5-5783-462f-a0ed-4bb53361f8d3.png,15
7d5d171f-fdba-4c1b-b640-3266fdff3c19.png,56
00a43fd3-3dac-4f56-8fd2-08745e58b8eb.png,15
f54493f8-9b62-4a84-844f-5bb1a1dcca51.png,11
1ad730ca-a50b-4f64-ac64-06f05225cbf2.png,49
512195da-433f-40de-b3a8-83ea4c290d55.png,33
aba87d2a-cc26-49c3-bb9d-51172e05c3a9.png,10
22dbfa9b-255a-497e-a6d2-7731995c7dc1.png,17
3fa5d766-3984-439a-872a-8d430d5429d3.png,15
7d079471-6c6e-460e-9d57-b6f39099aeaf.png,21
368c828b-1805-49f3-98dc-5f5c3f9c6b22.png,36
7c0ef10e-91c7-4de1-b736-d5b9d09c0e92.png,37
2b11f0aa-0941-452b-8719-ec30d8a34244.png,4
876a811b-e007-424e-a1a8-936db41105c0.png,60
716e5f3a-1674-4961-9f67-1e087c450897.png,20
4676f204-4476-4d8c-aa92-29a67886701d.png,52
a102d0c5-4813-4983-8ec5-497f2d050c8d.png,27
2aa36b9a-0fb8-4127-8953-9d9db1938317.png,50
fc2cd0c5-d1c9-42c2-8004-4fd99220b60d.png,24
90ae6c4c-ba0d-484e-bf0a-58a0b4d9f9ee.png,50
d7a88a2e-6f4e-48d1-9491-8782dbb60b79.png,35
e14898d1-845f-40d9-be63-0060db78b03c.png,16
51fef022-3648-438a-b90b-4465e6c5d42b.png,9
75b69daa-731c-4f57-a02c-c49f317461b0.png,18
18a7429d-05e8-4622-9162-80826482c5c6.png,53
5fa9279b-b4d0-443b-a8a3-9b0d37fe9bea.png,10
489c8816-c9e4-46e6-8c13-9f6d1705dc8a.png,50
a0970c8b-8977-4629-887f-17b9d06ffc54.png,22
c1b14472-e1a9-4c18-a4fd-54f8deb84a1b.png,15
c1c12fcb-c53d-40a0-b230-2b80f0153ffc.png,15
d69e1c76-e91d-450b-af54-ded842ff4018.png,22
80e5b39f-6959-497b-a39c-b0c3b8dc7763.png,60
456dba68-254f-4f4c-8c95-46ba73bb78b9.png,19
1d3895ba-e6eb-439b-93d0-1f6455527c55.png,9
742e5c17-7c84-41d2-b35e-c2c59807aeb6.png,50
0b7b368a-65b4-460a-8954-e7cd4693d502.png,28
a87c9515-0e2e-43e9-b0f3-a06ac85938ca.png,41
b6d09bae-7cde-4842-af0e-888e42bd5b19.png,19
ab61398d-d86d-476b-b06b-a7cf427376e6.png,49
25ff2ed2-9852-4c5f-be1a-64feb93abeaf.png,20
cdfbafeb-8b86-4ab1-a5e0-ac498dadaafb.png,23
766fbaad-105c-4d0d-b9d8-62ae2e228b72.png,42
5824ceb1-8663-4439-a8ff-638368dcb5fe.png,50
a2082a40-6661-4be3-908a-907f5b000f18.png,10
41c9bad4-78d7-41ee-98d7-d8180a05bb56.png,2
cb415407-d79d-4430-b89d-85a9f9f0fb76.png,15
050fa1a4-0f7d-428d-bc0e-158c61479d53.png,10
83d56142-7898-450a-819e-35c1a682a5bd.png,20
f41934e3-9da2-40b7-be61-dc3352544378.png,23
0deea807-8495-4c25-a7fa-a0b2524bea5e.png,39
509351b8-b20f-429e-bc05-d260ab445500.png,15
63a8853d-4f85-4087-8ed3-e0174b86ad19.png,33
e142d1b1-fba3-43bd-bec8-fc90237d2dfb.png,56
52337cbd-2ad6-4f8c-8b7f-1a55ca889d2b.png,9
753f4553-b67b-4abe-aa58-4d03af0f1fa3.png,9
a4f7a7eb-9d1d-493b-864e-2347911c56b6.png,10
0c04bb49-5498-4c99-9c09-d07d35c8a433.png,37
70f7712f-d505-44f7-8611-eb45d9a55600.png,3
fedf7998-5fe5-4755-9d6b-1e071d752f6d.png,20
f5ef5179-c090-4584-a44d-c2de64c45418.png,34
f38d2d47-c5f8-4559-9418-bbf4b05f68ab.png,9
1293f7e5-039f-4c32-9788-d022e4fbbd06.png,10
36318521-d373-42a5-9c23-ebf8a2c20a4e.png,53
b5c92505-dff7-4c06-8356-acf591eb9262.png,10
c7bbac2f-4511-43c7-b185-68dbbce74945.png,13
973ab817-acc5-4b77-aac8-aaec2788242c.png,48
5a28b9f0-b750-45a2-92fa-dd34b8662e05.png,33
bdc75338-8523-4481-9ec9-fc77ef8b156e.png,24
d2f54309-5a9b-4b08-b205-227852587b01.png,9
4cacea24-5af3-47cc-ab32-6e58d57e3707.png,27
4a07208f-4b1d-49ab-b536-4322b4b5a4c8.png,9
7a75c5ba-0d09-48ac-96de-ea1706c015f6.png,37
46d5a236-71d2-41a6-9ef3-24ffb2bcd41b.png,15
4ff0216c-73eb-4944-ab99-0655b902f744.png,42
c3dd7930-e6a5-403e-9f1a-55aaefbd8465.png,20
d01d9c43-da8f-40ca-9b28-c522599fee29.png,35
c5d22e43-1c04-4edf-8e5f-e1f29b741dcc.png,50
310a0246-9143-49ca-9906-911dfb9f1453.png,36
ed27c29f-235c-4278-95ff-d40d612e6f7f.png,9
a4fec981-a098-45c0-b6cb-0b8c456f5ab6.png,17
21ebb5ef-d31f-4b74-a9eb-75e07d616f27.png,15
e6d4a161-8856-49e3-aabf-69818ed17472.png,33
f7911a8c-3bca-44dd-bd46-98c8d3cdf0e8.png,9
421bd83c-2775-4a83-a003-c57c06e4ed5e.png,36
c03c9208-0ba9-4749-a8ba-5883cf8d415e.png,6
d922be18-6fd5-4fd7-98d5-54a2fb1ed97d.png,15
d2122daa-0db9-41c9-8d71-d66d7f3fe704.png,15
46110d1a-f8ce-4800-874b-b4e6d8c4c0fb.png,6
1ec51432-0ce6-4c4b-b38a-4e3fd3252139.png,35
39f7e3f8-96a0-4c17-836d-377b89471bf7.png,33
d1d81224-fdfb-4fb6-a4b7-b828cfd6a3a8.png,2
063599a3-354c-4406-8dd4-f29fd02d222c.png,50
38652adb-5027-4705-84a0-3ff36dde825c.png,60
64e98e8e-9df4-4461-b4d4-ea6513fd5f0e.png,15
43291c75-d23e-42a6-b39b-b5db0ce5db08.png,16
53a96644-797e-46a3-bab6-8f52cb39dc2a.png,37
3f8d4420-1562-4a36-a341-8e76b710faeb.png,38
d69445fd-3ac3-4870-9521-6cef864b66e5.png,15
8ff2258d-6ca1-42cf-a99e-16ec93c2f8bd.png,20
5b53fc09-1f6d-47d4-951e-c4dc0c3d06ab.png,9
a980a372-627d-4fee-afeb-dbdd33688d9f.png,15
1ad8a321-f41d-4154-b10c-2638b90a8504.png,33
cb97f84d-7852-4b0b-af3c-0c49883def1c.png,40
e001513d-00a3-4b45-beac-8f53e9053faf.png,35
e8fe725c-5deb-49f2-b06c-cabcdf2393eb.png,60
9d7b76ff-a221-44d7-82ee-787149ac78b8.png,41
1518197b-1ac8-4cd6-9d24-e119f4663858.png,19
92b3758e-bfaf-4617-ba33-201e1653172b.png,10
ffc1af31-85b6-4104-b75f-2a784f22f437.png,13
4bc2cf62-b5be-4b41-afa4-2a194d1af9f3.png,10
cc89c9ee-3265-4476-a53c-e02462e5799e.png,9
7079a36d-f95a-4d82-8c53-afafab34a024.png,46
9ab99428-e07b-4621-8075-12f3d29d8c15.png,9
67cd8c98-75f7-4d76-868e-c2d1c41f8de4.png,38
f97558d3-afaf-447d-ad99-cdbda18e14ea.png,23
2ba07dc4-ab73-4952-876a-c03fc55d6c8c.png,15
491e7bed-08df-4cd2-b8c3-33c60433372b.png,10
743a3a43-debd-4c72-acb8-9c44bf067fb4.png,38
660ccac4-3afc-4804-9355-cdf89defe289.png,36
328afe1a-5fd8-430e-ad02-5c6488724904.png,3
97030e53-7e40-4153-ae02-4b55ef513d5a.png,18
03be2979-7037-48ab-a2fd-8b5b75f50231.png,49
ae4f4325-d695-4781-8619-2e0e4bb57582.png,9
b160e376-c2af-450f-905b-df9cea7b733d.png,3
a254ae35-95f4-4eab-bffe-0a7cde0f4b9f.png,17
dca77e1d-cfe1-415a-85cb-a5bef097bc96.png,18
34991a93-6c02-4980-9c7e-46b7555643f1.png,17
120af9f0-c42c-4665-96f6-219426a7c683.png,18
138e8d48-6df1-481a-99f9-bd5d034d9c83.png,38
ed4deb3d-9803-4ba0-bc86-244a6e9468b4.png,54
4a9265b7-f57d-47fd-8ff4-c4989df63189.png,19
86e34a47-f137-4ae8-8e39-001c784b2726.png,16
c7c683e5-6a94-4ebc-ac56-6009cf890300.png,22
e57c3bdb-8b60-4090-a020-ea52715eb35b.png,24
2b3450de-b5a6-40fe-9533-9279faf6b0ea.png,10
2664aa72-613f-43bb-aa14-d43495110ef8.png,5
b68e62f0-76b7-4f8f-bd97-85cdc4bc693d.png,19
90fe01f9-439b-4808-a921-8d2f38686b97.png,13
1a29c0ff-7c51-4f38-a680-494c1a8d52ac.png,56
4383fe89-f8fa-4855-9695-71eab70486bc.png,10
cf046a21-3c03-465c-b7f0-0f8db056978f.png,0
5f8d07ec-92fa-467f-9995-a8f8383b9766.png,27
f5e17706-4afb-4f70-a253-c48ac34ffd6e.png,60
f5ee8319-76b9-4540-a5af-7d44af33318b.png,13
19ae8d7c-f13c-482d-946e-85e6996997c4.png,5
c74ffbca-c9f6-4dfc-8c2f-c810304136f3.png,20
d03f0fd6-1b81-42a9-b134-9315be7f92d9.png,2
3529704d-cf8f-4f1d-b152-1a6a8ab753ac.png,27
0478817e-03f5-4f3e-b1e0-186ed508418f.png,19
8c8a0ee9-3912-4a08-ae73-b6c4fdc61194.png,13
73284a32-443c-4a3a-a4e6-22caf03ee6b8.png,60
45ddb3d3-8477-42d8-b768-212637cd8f0d.png,38
c7226cbb-77e9-4189-8a72-5a0852362e5c.png,10
9e1e0b85-46bb-48fb-aecd-17250476b3c2.png,17
bcd0e417-2a46-41f6-adb8-2142bdadcff8.png,31
8b833f9a-1c1d-4c9c-8540-c06c5c7b2051.png,15
fbfe301e-21ba-40e2-a11b-54679c91cd68.png,30
873f08e7-21e9-4472-b96e-6c8a267ee891.png,51
e156f549-bab2-4d68-864b-50d57c888b49.png,10
4d65f3f1-ac5f-4c99-a261-b65d92a80d03.png,13
2cadfe2f-df16-41ed-a0f5-e550c8343781.png,3
a2cc8ac1-9876-4ede-a755-a59fdbbc7a96.png,49
2968bd5a-d9bf-457d-9358-21c37ecaf9c3.png,40
5a67bb5e-1144-40d4-8d1c-f5ed3dec47be.png,18
ee13aa1c-c695-4fad-9a86-ce4ef06d3240.png,30
4e6b4de5-3b0b-40d9-8972-0450e6e22160.png,50
7b051bb9-e1e3-4243-99ce-96091cdb4cdd.png,30
beb54270-0e15-4c97-b7f3-9ab647a9ef8c.png,15
bf20af0f-81b0-490d-a213-b9909791130e.png,37
a2db6b61-49a1-4e08-8167-36ebed30fb6a.png,10
80f38b99-8cb8-473f-8846-45c97203d9fe.png,53
03c5b10b-e736-416c-892e-10bf639058be.png,0
902ffb06-66d5-49f8-b028-ab5f15c9c18b.png,15
813eec25-076e-4d6f-a703-17872fa07140.png,54
abe4aca5-57a0-4cb8-8b7a-50e3a80772ec.png,10
b21eb83d-1b97-48b6-9bb9-bde06a51df2e.png,49
7995303c-4517-4d57-9f1b-f9280ee95055.png,51
1eeca2e3-a572-40e2-8e47-53a015749929.png,2
a694ef3d-cb72-44d2-9e62-5d2347ae2a06.png,9
6f56e7ea-a1c1-4b03-af2c-21520f545568.png,17
8faa13bb-6d80-44ad-85ac-51dcc700db6b.png,14
d61100ce-3767-4249-9687-e31ff9f3b0bd.png,14
f61edad2-8511-4561-92c3-40dee2ad31d0.png,29
05982e69-f81b-40b1-821b-fb362037563c.png,10
4d1aafca-9a5e-47c0-b3d4-8e9c2767c379.png,28
cd20990e-b247-4c81-86f5-1b357d7fa28e.png,23
d723d8fd-ebd8-448e-b616-b4b1debb2cca.png,15
f7be8f1a-9047-4a7e-9a5c-138af0bf7e9e.png,9
18e81d7d-cc22-4da9-8ccf-7b27fd5a46f4.png,16
a78081d9-c0df-4a26-9674-4a9456404b08.png,13
3d759723-9acd-420f-91d4-93fc0af9c74a.png,16
608e2d0c-125b-4e78-9bfb-88649a6df797.png,9
2d55cbc3-768a-4b7b-8436-fd104a3a5612.png,2
4d685f2e-1d74-4928-a5c0-278771028773.png,21
680a11df-2d04-4e1f-8462-d596ada62c72.png,9
17040ce9-482b-4f21-9ec3-61cc7f0b75c7.png,24
0bc10f60-2546-4ecb-aa0e-335d3a45d0a3.png,9
d5ab2eba-fb1f-4475-ad0c-2a794a511524.png,15
002db937-b517-40e5-90ba-c3ba44102577.png,35
34ada62e-8155-4ff6-b0c2-29a74afc046d.png,27
8cc9b98c-4113-4559-a03b-e6c5f7df5a07.png,51
36d872d6-74e8-410d-9624-ee9851bdfdbc.png,9
e43d79b5-ac37-4f1b-895e-383770e15aa6.png,21
f0553285-495d-4818-ad16-251895249bfa.png,35
61e30bc4-50ac-4076-8a91-8bdfd085d5f3.png,10
f6ef3e80-b6b2-4648-bbe1-c6585d365549.png,16
37363369-e39a-4ad4-92ff-503445a53c88.png,6
7f4d5efd-19b2-4a15-b250-239eb627aeac.png,33
ddde2f69-30d3-4b40-a2e2-40e4a6ec3602.png,33
34f40959-bccc-4700-aa76-bccbe7b1454a.png,19
afe08420-72d7-43b1-958c-b9eebdee7a48.png,49
ca73c3dc-a877-447b-9fcb-22aa66febe8a.png,9
6b2df0fe-753b-4c71-9717-8eab677dfd54.png,19
d4143139-ac4c-4362-a34d-de10a31e24b9.png,23
f3345f63-8f37-4286-910c-4ddf9987152a.png,15
56dd0e59-14f0-4c4c-b4e6-005cc3a21686.png,54
b74c487c-cbe8-458a-947a-1b6eb52f7f67.png,2
6f8bfd42-7487-4ed2-9e60-c5da4b48a589.png,9
349928ff-2e9f-408d-9387-c3f13f94eb71.png,2
e19d5f1a-adce-408a-b8a7-cc9b8f27a7a8.png,36
4e77b5c7-3803-43ee-8a87-de2ef75b35d6.png,24
ed442c84-ce53-4e08-8f49-800eeda9eca8.png,32
0a50dcdb-f0e5-49d4-bc76-710a9423b68e.png,23
bdb811e1-081f-4805-b50a-f615dc91e814.png,40
1b006822-71d9-4e88-8f20-32207e1b09d4.png,10
bacc5015-cdaf-4eb2-8c61-10263c2de5d2.png,17
f156e397-d28b-4033-bdf4-9da0641d40e8.png,37
6af0df24-b64e-44fb-8117-4a01d4b664df.png,36
66dd8592-0cbf-4a9b-8328-9dbb34567c73.png,35
c89fdcda-97f9-4c6d-9d76-21b1eba4db3c.png,53
416e4823-bc46-428b-84a8-55afafe85593.png,53
b5a97ecf-e36c-41fc-93ab-5d52e5e88caa.png,15
c0b42e8b-dd35-4f3c-8f1a-cdd5d3c86afb.png,10
2fb817d9-e464-477a-bc53-9e631a3ca4e0.png,3
3a0b1c6c-6972-4ee8-b961-4a2113a2e3c1.png,32
5da740af-af68-4a11-afc5-2cceadd0d468.png,10
246c2b2c-d25a-4d7a-9e14-8ce0cd2dc368.png,19
70f23ac5-216f-4945-835e-218bd2d36f2f.png,13
5567120b-e971-4a90-9769-65e40e3d56a2.png,24
9bad2441-9766-4b52-977e-b5c47d514436.png,2
235c38dd-d438-4387-ab79-89a7b592c453.png,10
93a07762-3732-4434-a3d3-36e42fd8e501.png,23
84056fad-213d-4fb5-8acd-5a199cb330fd.png,30
f07ff73b-9b62-40d6-803d-3763e4c6a0d8.png,37
de04bcb4-d631-440b-acff-6a6d47912ca6.png,27
9801b60f-988b-43bf-84dd-f983910a6afa.png,23
3bafc341-3916-4449-95b1-7320f1abde65.png,23
1d518b2b-a5b5-4f00-83d7-04ea97b48b5c.png,50
6b3eee83-1013-43bc-9596-44c8efc15f4f.png,16
c02b18da-afda-448b-b99d-fd67d1bc3acb.png,30
e355f120-7f30-4487-807c-f2ebcf8ca840.png,15
0eab6a89-0dd5-4991-95fa-02b71c5a5b2e.png,33
046955d0-9edb-4e6f-bccf-31f975040bb6.png,9
423fcfb0-7b5e-46c2-bb70-7149135c597e.png,5
eb448b93-421b-49d2-b69c-fe38ef0eb89f.png,15
3055b630-c4ee-4bed-8d1e-f82826394082.png,33
dc303af7-951f-4e72-8cea-a2e676e667a2.png,40
4aed7da9-14eb-47e0-b126-ffc4fce85c2e.png,33
dda06cd4-1a62-4c35-8321-b56d73479f8e.png,23
a74085d1-f328-4976-8e06-603af7240907.png,60
2988164c-7239-433d-bd49-3fcb306f8154.png,4
72254ce7-fdd1-41e8-93aa-360018bb6cb8.png,10
e2783b0e-b8c8-449c-8c6f-604a8bafd614.png,0
342ecff1-389a-4c16-b771-651a4d5972a5.png,10
1ee8a2e9-1e43-4a96-93c5-89ff0b0b939d.png,1
c7175d67-1df6-446d-8f96-e72b68360bd9.png,48
b3a71631-688a-4656-a870-cdde44cacdce.png,18
62b96f20-016b-40cb-9236-bfd7beec885e.png,2
406c1e99-af6e-4f9d-9224-261e8cb5120e.png,3
823f8b82-982b-45f6-b8f9-45d962ab6ade.png,20
df8eff27-d6a8-478b-8290-af5cc379dc1b.png,28
e026c395-14b7-4fb0-8da6-282385109085.png,16
865b9ce5-8815-47d2-b94d-56e016159e83.png,18
60abef98-956f-4946-85d3-e7f53e229bb8.png,16
e40a065e-9072-4335-ac62-758127be62dc.png,4
1282326d-885c-4aec-8772-ad744cd39581.png,10
6e2c0993-1e9d-4ccc-9c87-afa93fcc3ddb.png,1
66c5e37b-160b-48e3-af9d-4157dc5a5127.png,54
a8f0c6c1-01b0-4f3c-b2ed-1acf39573d8e.png,10
23e929d5-3c44-4eb0-8bb2-4e84d72be32d.png,15
7e8eb275-e853-4a57-bf4a-91ffe666de7c.png,32
dbeae389-04c3-44a5-a2fb-632db28face1.png,2
69878b19-e36c-43af-9bb2-4d6468bc4f06.png,19
6e4edf13-b801-480f-a80b-e2f7c48348d2.png,14
97df16f6-5683-454f-a5b4-a876047aa9d7.png,17
475ee89c-0736-490a-9532-9136b6fc6af7.png,10
24079b3a-3416-46ba-b61f-b29e4df1ec76.png,32
97331301-14b4-4aa5-9dea-88f2c5881832.png,15
58e77bc9-1415-4cd6-aff9-d008e8239d6c.png,19
908be7d1-259b-4eac-b20c-df36fa92de4e.png,10
a93d7ce5-2f78-4540-aa56-3b4126862be8.png,17
a2dc3739-031e-4a8a-9112-7a4f48fc1fce.png,20
0e92b5af-42c2-48bc-9575-bb27893f94da.png,36
a7d11442-3b35-40ce-a23d-46cb3856a5e8.png,32
409c4dc3-b59a-4c2d-b8b0-ab6f5bb98b1c.png,17
a45a620f-bd7a-4529-be64-6b245b721a52.png,19
1e5f952e-3cae-4efb-90ce-85a2f280c7aa.png,41
309cec23-8749-476a-9a8e-5d410f835701.png,40
27156cca-96a7-4db2-b9cf-620fb7765a7f.png,9
a44a4ee6-61dc-4e4e-b094-ca3ba003b3fe.png,47
af7bd9c8-c327-462c-a93e-2ab37ebffb6d.png,23
07d31687-8286-48a3-a81d-a21ab3152fd2.png,53
512fc0d7-76a8-4471-9be7-3bdbce45a8b8.png,10
e186029b-2f77-4ce2-a2e8-89fa8e4ac526.png,46
04dc02d0-6ee0-4035-9e98-07ec675fafe6.png,33
d3a5593f-f795-41d3-b6d6-06ecb735f276.png,29
fea665b3-dc3b-442b-a1dc-d39bc04cf366.png,53
f0b1f7a3-2777-46be-9999-a21eb32eaf8f.png,9
2c40a805-72ce-44d4-8369-9b93b6322817.png,14
2b0daa92-b4f5-4808-bda2-945f48b87029.png,33
3c237294-97bc-4450-965e-a3a83ee0ae3c.png,33
b8093909-9821-4fe2-af54-b41e1896b0df.png,38
ea2365ca-19ab-4032-bf5a-75692aa9cd6c.png,38
37629859-3802-40c6-8ce6-c3259e772f4b.png,17
3d21fbbf-3106-48fb-8c44-5bf5d73fa78e.png,4
87e2aa99-ebcd-420c-8b05-74ee2d0b6ac7.png,51
b79b4296-dcc0-4cc0-af37-beecdcb5abae.png,23
4a872466-8a4b-4c1a-80bd-d3d6d75d3b28.png,3
4b5965a5-1faf-4118-be28-00eb004025a7.png,3
4cef71c3-4a4c-4209-b032-3eee47a95f1c.png,53
14b06402-a883-451f-9536-e04a7f325862.png,16
ec892f9f-ffa5-4cbf-98ca-1cea78252c3b.png,10
da5eb403-a0aa-4745-b781-12b4124961b2.png,9
418875b7-de23-4ccd-a8b7-73e39f7210eb.png,6
8c06aa07-41f6-4ea7-b9f3-25bf78b0443e.png,9
43e4aa4d-9553-4814-80dd-305f7961526b.png,4
c3395e96-1372-438c-aab1-bb9334896abc.png,15
1c365a74-77b0-4ea8-9644-634a11d32efb.png,10
ea3e3e33-ac2f-4f88-8d30-6958ba26607b.png,10
4d332325-3c2d-403e-9c48-c64d8e528f95.png,17
25f98f36-5b2e-49ad-a10c-cefddde23cdc.png,15
16163171-b9ac-4b00-9057-7d2f18660a98.png,61
9f70d591-7932-49f5-a6db-012aee52855d.png,15
2a3302d4-215c-4603-aba6-ad41f5b6f47a.png,24
1e967704-6733-4e88-9e33-c1ecf888a6e3.png,2
010220ee-f91c-4b74-9f7a-83d2eb2e9827.png,10
e67914a4-00f5-4ee1-8540-b12f83e91827.png,51
224d18f8-3af1-436f-a4fd-5b4d68fa930d.png,1
88f763bd-4f40-405a-81a2-b07a56a27169.png,10
8836bc7e-c749-4824-b194-7e369f34d67f.png,60
21ffda78-c673-4629-91a1-f4a6483d8208.png,10
e4ee3a56-3a42-4b06-a38d-4e919abb44e2.png,28
a7bfd174-b6fb-4d1d-ab58-46eaf5d3ad81.png,49
6f705cad-00fb-49e5-a85f-7929fa5b90d6.png,10
6d3de5d5-c8ae-4877-8852-f84b8b8e97d1.png,21
e235aa33-5f38-408e-bf2c-0745fe84e272.png,33
186a411b-fba3-4ce1-9d4d-0078f4f58859.png,51
7337003b-b834-4ac0-9df6-557cfe6dced4.png,23
a5b329c0-43d5-45a4-9b52-15c2cf946aba.png,29
7f9b962c-37b2-46cb-9230-dc928e60f3e6.png,60
58b29bae-b744-439f-8640-d4946fd15502.png,49
cf0b5338-5636-4739-a1cf-6dd47c3055e0.png,9
f8ac079d-d68d-4d40-8880-266073a496bd.png,19
ec670004-95bf-4abd-92b8-d9eac68e03ff.png,24
5d0fd2b1-54e2-4d08-9c74-c1fb4f55af3d.png,2
4a256098-b903-401b-ba0f-781d2e00d220.png,18
b0d37471-528b-43bd-acb5-07ea7d261fcf.png,20
7cf246e9-0b26-4bc4-9221-9735e28f7436.png,37
e4e438c4-7127-403d-9a91-df3efe2c7917.png,9
05cbaa95-4bb9-4b03-8dde-0031cc25621d.png,29
7c783608-cf9d-4b8b-b77f-f3e6de5b2da6.png,2
7f19d7b1-c691-4122-87c9-458b07fc8c59.png,48
9c7f2b53-889f-4d9c-815c-4ec18aaaf58a.png,15
8c4d9329-deeb-4e43-9926-8f3fb310cded.png,38
786a8754-26bd-479a-bdc3-048a14f99915.png,10
7b1014e7-81e2-486e-897c-72b8926348cd.png,13
5e97aaa3-4f9b-4ae6-9b05-1a211021054e.png,0
95dfff92-b85e-4954-91e6-fbdb76e2ebab.png,33
b6183b0e-6253-4a2e-b665-0a2c6dfaaa73.png,37
7d58ce51-417f-46c1-aeec-045df70a6aba.png,20
24df444e-2383-4a38-9c88-7a00392fdde7.png,47
3ad16ae0-b3e0-43b0-8e95-84bff58d32c6.png,46
5cc0e4d9-dd6c-478d-a264-17e8ce2c58c2.png,35
58ab46ca-4ba7-4246-95f1-7d8fcdaa40a0.png,32
4c70ce07-4854-4a0f-9193-d3a790a7674a.png,33
c81ec403-f59e-4152-96af-7163e87f00e4.png,2
9d1cd254-9bb7-4206-94bd-5fbfe98ff5e3.png,33
853570ef-23e7-4641-9cbf-1484457d58ad.png,19
c3b88068-fac4-4718-8b90-0adb031a4ccf.png,13
ed80d973-b05a-4dc4-83cd-798b424f2ac4.png,46
db3b5833-b0b6-4cff-979b-57cee09b04c8.png,10
abd2f6aa-87be-4a1e-b513-30739723d20c.png,4
7d6efbbe-1578-4e9e-90f5-2ccc01a9cc37.png,27
b4fe7927-0a58-427a-9036-90eb1fee00e4.png,15
6ad9c6ee-39cc-4df3-90da-8ce8074f1d58.png,19
a4c7203a-41c9-4429-8c65-9b7ae87f58fb.png,36
1b73485d-bc53-47e4-9439-90e080ae33bd.png,37
8459a140-ab64-47f8-8f06-714f3f556188.png,2
2529abf2-ba08-42f4-b819-114d949231bc.png,9
76ee0a8c-cba6-426c-9866-96fbf322103c.png,19
7016fbcf-3d17-43e1-b607-a6e62e3d62c5.png,9
7e482226-cd06-4ae1-b527-9743ac35a744.png,19
804003a3-f985-4936-8157-0b8948fb26a4.png,51
62ea1e81-57dc-4381-b1c7-1c06e45e5ce0.png,33
37bb1c21-1407-4ec4-8b6f-20df88df6f29.png,48
476d952b-9bb0-4f21-a17b-3ed44b8f215b.png,10
8cfac6e7-8cb7-4a03-87f8-fc891de22f1f.png,20
0b87eeae-ea6b-4566-a931-6e51a799dcd8.png,50
c401e05f-06f7-482f-8b72-44d7e8b57bcf.png,15
018cb20d-00ba-4882-8c18-78d307c4686e.png,10
e273771f-e1ed-4d3d-ae75-10c1a4fe912e.png,15
45bb47b0-da57-4a6d-838e-4dac73d11340.png,20
73e90a8c-cf32-443c-9ac4-5ff19340662d.png,24
6ff291a2-f034-43a8-bfdd-76199deca689.png,52
7b2c606b-a1d1-4496-be90-e86c8df1a0fc.png,60
9d8b34b9-1e0f-4154-b019-7e41f687dde3.png,19
d1d24b34-f864-4803-8978-c1547874cf3c.png,1
6ca7a262-027e-43d9-94fa-1ea1612e0148.png,17
f1b2600c-39fc-4749-b6da-7b7ec88d0412.png,2
8361f949-ac6f-40ca-8d1f-327bbb61f8d0.png,18
e205ed4a-1e18-4377-9cd2-65edbfe45b7c.png,8
5833a88f-64e5-4dff-965c-4621cd783cdc.png,25
fc052d45-156d-4384-920b-ae56e91fe2de.png,15
d046329e-f635-4789-a2f6-9511de3b1375.png,18
5c0a42b1-9b70-47d8-9d3d-d1017261d181.png,33
49b9ea71-6bae-46ba-84ee-2da1070174c3.png,36
020879ee-42d4-4df6-8ca2-60b36cea94ee.png,19
40d5576c-51aa-48f7-bf52-0cfd21c0f4dd.png,17
51059bff-1491-4a28-b853-a25c67484abd.png,13
3841fbc3-ba53-4084-bbc5-4c6f0f4ce412.png,17
3ab393a6-b8fd-4059-a34f-905d2bcb3374.png,33
4b364a84-1e1c-4fbc-9803-1b7c808d7ed6.png,60
445107fd-50f5-4e4b-8a4a-6b35122d782b.png,53
b806e380-cede-4f17-a778-c8aaa835f0d7.png,10
6febb123-0c33-4212-9c56-212310e8278b.png,20
49344f39-829c-4341-845c-328eabed7a0e.png,32
858d4c13-0bc5-401b-8e96-6877ccfaa08d.png,27
6228efce-eb2c-4171-b251-ce5b5207ce66.png,18
dd2c9abf-e77e-48e8-8872-b2d086284c9c.png,10
28e45292-fb8a-4c0f-892b-39ee483a87b3.png,19
c8847e81-c9fa-48e8-843c-6e9f94c77d51.png,0
77737e9c-da45-412f-8b3b-5b13736a05f4.png,48
c0bee78a-7aba-427c-873f-ce0b60e6d51a.png,53
b5632b5b-9c85-4175-a34a-703536c83a47.png,0
03c0e434-6d8a-4756-b0dd-0a01c15c69a2.png,26
421fb843-49f8-4195-acfc-f3cb54c24e8b.png,3
a4903740-9d49-4016-8af3-d45234fc624c.png,17
624df431-395a-4195-b5c6-89b37571c68b.png,9
c21ffaed-508a-4616-a6aa-caadce4ca241.png,18
b5e9b604-15a0-4bd3-bd23-15c15d3815cf.png,9
6b9ba679-d365-4d9d-a909-c1e9f8ed7ea1.png,38
915fe58f-0824-44ba-9b06-643c636c4424.png,53
3794a2df-98ee-43e1-bd5a-6fca1647c786.png,0
2d33bf37-4a61-4989-bc3a-dc048580867d.png,30
aed335eb-1158-4996-9fad-61ca4ed51c15.png,33
afcc51de-042e-4d40-a44b-295a0382214a.png,35
1b28277f-a29d-4330-a968-1bffd45ca129.png,52
7acafb9d-0f4c-4306-8c7c-5c1f17e96725.png,15
c0e49967-25ba-4312-81fa-340a7ce0e50b.png,20
5e14b6b1-c7f7-4e51-bdae-d6d9d64868ba.png,37
aab953c1-e27e-4b48-8c2a-5f3c2fc4350d.png,9
e3de830f-0cce-477e-a345-dc7d7f6764ea.png,9
d141544c-1ee2-4ab8-8f09-3bbac9c5a24c.png,50
c2ddc04d-77af-4c06-9f93-856f235d6895.png,16
8f2cef5a-2050-454c-aa90-bf8977b48f75.png,41
24adcec5-0f55-4597-9f51-f495831ce3a3.png,15
1d3df880-89f3-4282-ab4e-34f9335ffa55.png,33
b93c5844-9ce7-4f88-a287-4f6cbb140ab4.png,20
4d3e1bab-7743-48e5-817d-b73759b46981.png,13
91fb78ea-5616-4cd1-bc26-5056fbc3d521.png,23
3bea13b4-65be-46ca-b311-37e8b191c0fe.png,40
ec4e629f-de4a-465d-b89b-d3a59b29b898.png,40
31f5662c-c55b-468d-8821-cb3919219da1.png,15
bd0fa302-af8b-492a-b783-b59da33afbc9.png,53
83921a7b-64c0-4b01-b710-56f36736fdd3.png,13
cbf930e2-64e6-4a7f-b20b-7fa162eb7fc2.png,15
b8207dfd-1717-4770-b010-6c0eb1d0c996.png,16
6bdbef58-c0d5-4872-abcd-dfb0c4752efb.png,18
33baac45-26f9-44ad-8988-be3d6393f36e.png,12
cc76bdaf-08fa-4483-ac8b-6c20c6bb2f3a.png,38
9e07140a-ade6-47ff-af7d-2d331bd8f7bc.png,54
4059e980-2d21-448a-a0ad-2426e656670d.png,51
6a368928-6400-4bb7-b350-768fdd0a9966.png,5
3f2268ee-a8f9-4e93-82cf-1114392d68ac.png,32
fa69bc8b-a20c-4d66-8718-a4b0b022b9b2.png,46
6b1c6c77-e541-448f-9ba6-eec1fe189df2.png,10
e903836d-b28b-4f40-af98-fb4a9c749fdf.png,23
506d37fc-8943-4d48-a825-bdec638609b9.png,10
8d1f1d3b-260d-4977-afc4-9aecfea3972c.png,10
56417e1a-cea1-472e-af07-972509291b98.png,33
09e37639-282a-4e82-91b8-c6178eb388d6.png,36
1c85801e-2d06-404f-bd63-4aa0154a4ffe.png,21
d289217f-500b-4556-bd95-96dfbfaf7019.png,34
7aed3044-47f1-4ccf-bf55-fc207f262676.png,9
6b8190b2-f26a-45d1-acff-f735f9df5617.png,10
5c573ffe-1d56-47e7-901d-2a0fb1e40c34.png,15
e3194048-8aaa-4268-83c5-69544cb61b8e.png,10
84d72129-20aa-497a-989f-9d28ebb93e8e.png,23
eda70833-2043-4468-b592-30457feb3a73.png,34
2970ac39-00e0-4c71-8ba8-6a5e997b59d2.png,38
986e5134-27a4-4cce-af47-4ed0a39e26ce.png,46
723af2c4-1ce3-4346-b713-36546a68799c.png,2
d5a767e4-c27c-4587-ae4d-efa6aac9ba0a.png,15
1b95a54a-6a6e-4be0-9337-f17a86a4f3b1.png,4
7960e8b3-acf9-48b7-a7f1-1e1ac9087f5a.png,22
680050e1-65b5-46f4-bf93-4eae534bb08c.png,10
53056049-a9c3-4899-bcee-540eb86e008b.png,20
b5778022-c6e4-4b19-b5e9-a70d678a9ee9.png,16
735e3080-05e2-4ff2-94cc-a79f8b51a416.png,2
632854fb-62ba-43ce-b5b6-e2a772fc3014.png,33
7cf4291b-d263-4e7d-b1c1-752f0852b281.png,13
374eda4e-6ff5-46f7-a546-396a77b66713.png,48
729b8001-4921-4c0f-9ea2-5f11942b424f.png,38
7fd20d8a-35fa-4114-a87c-0b4bfb374d96.png,23
373636bd-0a14-431b-86f2-8ebfbfa08ea6.png,2
1a7bb7a3-ccc6-4374-9261-5f6a505750d2.png,36
55feaab7-567d-4eb1-8c7c-b5717152dcee.png,50
459e56f2-c775-4dec-9bfb-09f6689b16cf.png,33
ac3d1210-a0cd-4637-956c-b9b5a6b1d95b.png,4
10a0a900-2412-4b14-9408-ec2b2c71808b.png,9
6a66c9aa-972d-4448-9d1e-86d1715b7426.png,46
2b90fa95-8695-4811-8853-d6e3e83643c9.png,61
20a966fb-5d5f-477a-b17a-8468295c1272.png,37
c2c5b783-f7e3-487a-9f8b-ec5da440d132.png,9
5653461f-8efa-4b26-97ec-0095f00b2af3.png,10
8af14807-30a6-4ff5-b3e1-3178ea2ce63b.png,32
38101dee-a578-4b0a-860a-aaac039d34fc.png,26
da87b8f1-eaf3-4dcd-9e95-97c74ec97047.png,2
95f69436-c706-42a6-a295-77bcad2b7fd7.png,20
5177dacc-2f96-42a8-ab87-d300ec83b1bd.png,40
436b0029-3da5-4896-8ae0-4eecc8e10e2e.png,13
6bee0cbc-33d1-4861-b8c4-649bda6796c3.png,44
8963dc15-c940-4c88-8b46-1069852132e2.png,37
06a72d89-e6ed-40d3-a321-7e56bf15063e.png,10
f788010b-13fa-4997-a599-3b18c6756f57.png,10
9ca6ecab-5b1c-4734-b18b-e923ea7f05f3.png,0
f65f21ed-a4b7-4231-9cfd-53affbfcffbb.png,10
9e13d5ca-7400-4eaf-8699-4c3cf8b38123.png,38
5c8a1c87-a2da-4fed-9ebb-35fb0ddca51a.png,48
fcd1c2eb-f3a7-43b1-aea7-8a90f7c1c38b.png,10
d746f029-83be-4c63-9127-3b1fd2e89403.png,27
1e62e846-a606-42b4-a696-3004f033e7d6.png,42
5bb02bb6-fcc4-42bb-8b3a-86608ee8a7d1.png,10
6867555b-cdc9-46d5-812a-761140ac9ab0.png,50
5840e27a-1ad0-4cd1-80a9-d2aaad785e81.png,39
1010cde4-80eb-44c1-ba10-7ae4d8ac10cc.png,15
7814b225-f2f2-40be-b154-827370c28496.png,15
94921ee9-d73f-4f88-942f-52ec34dbf9bb.png,60
bc9ce549-b732-49d5-83dc-b513e8c62313.png,10
3595c913-75b5-4a85-9ad8-553f16b7f7e4.png,32
bac131ab-06fb-4240-9632-9807fca8bd4a.png,33
193fdcf9-0335-4a69-a80d-5f18260251e4.png,51
3e133e3c-25fd-4030-b409-7f07561e0e26.png,2
c67afb03-7732-4b74-b917-3cc2489c7afa.png,52
92fd56e3-041d-4e2f-8f69-e8b57030f12d.png,23
81951fb5-53fd-495c-b530-7f626ae29963.png,60
3aa703bd-6979-448d-8d06-444ed80e9ba2.png,9
522065aa-354e-4490-b68e-f7bb39812442.png,11
81d91e18-b94c-4635-a191-44fa124789c8.png,33
b6d6234f-c580-4750-8b3f-181a2276a7ee.png,10
858e6b2c-0f99-42b7-b9ef-411e9e43d5ff.png,19
4d581412-cf69-41d8-a0d8-43056eca89b9.png,33
9638514e-07be-475b-b405-36dd69a0acbd.png,36
4f373ad1-ad75-430e-a121-46f54e38f887.png,13
64c45e43-2df1-4092-a097-74f252a77a28.png,53
31e37941-a1c7-478e-8ade-7651db2c8507.png,38
e47fa87c-8414-4276-99fd-3f204f7fbcec.png,17
97d7ad5d-7866-4d59-a179-eeafbd874663.png,13
42c64f49-6a8a-4566-aaec-842b30a00bce.png,20
3c30612e-07cd-47aa-96da-11f8f043dee6.png,20
0e70a4ad-5c26-45f1-bce8-d49def35a7a9.png,39
ce7b6617-7ec5-4b13-b7b3-2d9043ae6709.png,20
3b3c811e-816a-48df-92df-1600fa0b11e8.png,30
d9e4e7a7-91f4-4e5a-9bf6-6439997c3790.png,36
0ed168f2-079b-4363-9660-f05c2b5622be.png,10
75db49a8-cc3d-462c-a7a5-bd3f1ef16c12.png,5
7d0a5a8d-8e8d-4698-b17d-6b513bd4cfbb.png,52
45ae0690-56eb-4611-a52d-00df3d4dc2c9.png,2
dfa8a774-4969-499c-8bf9-a1c9a914d955.png,33
730ab213-1df0-4665-b9ec-4fc9903f7d71.png,38
3e117301-b76b-46d2-8d93-b89f1e2dcff3.png,9
bd639b1d-4b5e-4d04-a9a8-82e4f2346690.png,36
0c21443c-7443-4fee-a4e2-3f641ea185b2.png,37
3383368d-fc20-486e-8f66-b3da38bc7c39.png,2
e75b9150-90a2-4a43-8eba-7dc401fec43f.png,4
04a83e77-b952-42b8-9eb5-d50cc3af9d74.png,33
c2e0dd0e-cdec-4a6c-8537-a8e9b355e80f.png,4
eb7d100b-b440-4741-9c12-bd9b69f6f4de.png,49
2f02f25a-21d2-47ee-a05a-0ecee6c52dd0.png,2
e175c414-9ba0-4c1e-a6d7-cbcc7979d955.png,13
725217f6-6a4c-4c60-b37f-292eade28ce6.png,23
18e123c5-5d51-496c-b90e-c265524e718d.png,17
b40b373d-4353-4d2c-b2fe-078ab30e2cc0.png,23
df709279-3544-45c8-8d30-bfeed1a22cc8.png,27
920e53aa-fe5b-405c-ad70-f589e6c3f2bc.png,31
35cd8aa8-206d-42b5-9a2d-52422f4ed4b3.png,1
24f57d27-3bbc-4840-b218-e062b47539f2.png,48
5de38d05-83ba-4e5f-8c29-c1c801c5d5ec.png,50
f590a9d8-3a89-4a30-a616-db53ca361747.png,60
24784e69-843f-4245-9aed-b3f0ab852aa4.png,15
64c3793c-4e31-48bc-87ab-fec05f78e653.png,33
2baed631-a519-4dcf-bb15-0a2f16a3c770.png,10
1f1d44d4-d89e-4e8e-8fc2-d1f0ebe545c5.png,33
8c221632-ab73-4b2f-af9e-079032af3674.png,36
c2ee372b-395b-4602-8ea2-9cf8a83d8fed.png,13
1dbf0b8d-9cca-46bb-aa3a-7390649f38e7.png,44
f0010705-ec39-4a25-8246-5341035ff14c.png,19
c7b40b4c-2443-46de-9f8d-ef8eb8e9a74b.png,50
fe1f73a6-dbe7-4938-ab14-d9bfd71e48ee.png,52
c67d742e-d374-496f-abc8-41139273045f.png,30
af792480-8890-49df-b034-20d2bf51a71e.png,23
84452967-dada-426d-ac2a-e720fd8df330.png,37
11f89fea-0df5-46be-987e-e482d61365cf.png,23
04676b1f-669b-4c6b-a385-8076e9d7c2f7.png,50
6a977619-bd8f-40d3-860e-024aa5ee9db2.png,27
85ecf7a5-375d-4e20-bbb3-28c82b1f6d47.png,32
8c4ed5ce-0815-4ac5-81a1-42a5a7b55072.png,2
13ac3032-3e2a-4680-b4d8-6b290ace98c9.png,15
64109e2c-47a4-4964-8e88-7be38fa64e99.png,36
56ab4f89-54cb-4b51-bfb4-aafb2d019a9e.png,24
d95c2d86-f14e-49df-93d9-ca768b0df976.png,14
6ce033ba-eee5-46be-bd85-ce7d062f8c9a.png,20
9e9646e2-6204-47f2-a8b0-1f2250f8174d.png,37
f8fc0364-6f7f-4eef-95ff-5d912b08c039.png,50
f2071c6f-4bc1-467a-a07b-222ca053493b.png,9
80527681-12e0-4e72-ad60-b88ad48d6e85.png,10
148352eb-d0c7-425a-b439-e119e0cfb4cb.png,15
f37affc3-7d98-4aef-bef5-c9d8c0398427.png,15
248981e3-e8a1-4e1c-a66d-287ee6efd501.png,23
5da0b319-160c-419d-8edf-ef07c93a459d.png,49
f3ae51c3-3fc8-45b3-9317-c75edde7a983.png,49
580e0fee-fa33-4999-8edb-52e41bd281c2.png,52
2fd7f153-223b-4b00-bc43-6485352556c5.png,4
f94f85bb-b0b3-4a79-9ce3-bede0e520914.png,31
b3b8ca45-1159-4236-9eb9-01a4b05cd637.png,21
d7fa4f32-286a-40c0-9f92-c3b4dd5389f4.png,39
fffb56ea-2517-44be-ad13-5d301ce4cb59.png,37
4b0de5a9-3fcd-4cb2-99b3-659c8a141d9e.png,40
3d8085a8-69a8-4c50-8f5d-a360c48bc069.png,37
23a7585d-c575-403d-8282-9e3cdd16f6f8.png,1
f0b186c4-a07d-4018-ba33-3ef93184d438.png,10
51083145-7488-41a3-87e5-b2e65eae64e6.png,24
0c7fa408-54de-44f6-b43b-5e3f4ffa6727.png,10
c215bb60-b504-4e6d-8b05-ef7e3dc35dee.png,20
1a77262c-743a-4c6a-bbc2-a2257761acac.png,30
fdc48a5e-52e5-4353-b432-54fdd8ea428b.png,38
a7c9b335-f64a-4131-89a3-080a53885882.png,10
995dc7dc-6890-46be-8eb6-f2d52a9dba2b.png,3
c17e5ea3-390c-4ae2-8ac4-355873cb17f9.png,61
29259bb9-0668-4239-a714-17e4311b172c.png,15
709644f5-61ac-4efb-9ce7-1f417e9e2bbb.png,3
0a7165fc-8479-4692-85e0-c973750c263e.png,31
98104baa-05ff-4880-b033-a878443bf76a.png,15
5290865f-aacb-4b82-9521-8720b481869d.png,10
7f9ba1de-f19f-4ba1-b331-f9612694c2bf.png,32
a4c306ac-e19d-478a-adf4-721b35e1c6d4.png,53
640c4dcc-3eaf-42d5-a7b4-7d3c736fbb30.png,13
a5b607f9-0725-401f-abfd-0f0a62b0c1b3.png,15
6709e3b1-1b7b-4440-b280-b5376cf3f3ed.png,27
ce41cec7-d173-495b-8b76-61fb6aab111e.png,53
468d9b16-bc54-4952-ac18-25958dcd644f.png,10
bd706efd-c0c8-43a4-beab-f80d677ca739.png,39
efac297a-5a72-4758-ab8d-81695e6d4ac5.png,2
aadf2b3c-5927-4bd7-a39d-658288d7a5f8.png,19
5107e144-7529-456f-9ba0-55eca5c0ee79.png,17
a609c7d7-1cd9-4a9e-88ac-033dc63e7e18.png,20
013055a4-2db7-4048-91f9-9049e95e3c3f.png,2
f8062bc9-253a-46f3-9073-22bcd096098c.png,13
a0be5602-0fcd-4a64-a78b-9bd56f6da859.png,3
5e08fd12-435e-4df4-8127-b1dbd48bdd9a.png,19
224886ac-93e8-4b75-b813-b11f0c1cfefe.png,48
939633e6-23bc-4a2a-9f6d-cb9ff130b965.png,4
1adaccca-3dd9-4a95-bcdd-0e484e5d5985.png,44
ef0ffcaa-8be4-4682-8886-f5631047df2d.png,23
7070cbdc-b673-4397-8007-424e2e1bb312.png,15
40647606-cdca-4064-988a-b804278ad3f5.png,17
c6efafd3-95b6-4f65-8c1a-53105e9b80e9.png,23
641f58f7-1e26-4bff-bae8-8bc716f1ba7d.png,2
ed86738f-c1e1-4749-b2c1-a1b86570d889.png,23
9495bf6b-e2cb-4323-864f-1160e20e1ee7.png,41
be9f2d30-d7e3-4860-b1ad-c4c5ca8d5487.png,13
9f567a07-8901-4c1d-ba84-2edc39e61952.png,54
6f9a2dcd-2253-4f2c-b975-b032bcd5a517.png,20
9849816a-6621-4f3b-bcd7-e185bb4e4620.png,46
df80fd63-0664-4482-9c54-7ba0c0d1d418.png,39
33882fe7-072b-4fa5-90a5-a5651ae71e12.png,60
0434e210-a2bc-4832-bdf5-12a8e72ab9a5.png,23
7b83ff2f-b086-460c-be9e-a9185ccb81f5.png,49
e0c6914a-3ae3-48e7-8a5d-c132b86c553f.png,10
68a8b165-df34-4ccf-bc70-61d1cecb2206.png,18
7f00900f-410e-4381-86d6-677dbd7d9325.png,17
82e9efc6-d099-4206-aaea-84e3ffff69aa.png,24
0d9fd036-a09f-42da-88e7-346ee8946320.png,23
9fee8fa8-9f6a-4f8f-b77d-b4722ad4a198.png,4
c3d445b8-48ed-497f-90ca-c37bd109e6c0.png,15
ddd3d6a4-67b6-4f65-bc84-fcdaaca924a7.png,53
5676c6dd-9a40-4879-91cb-94357751714e.png,33
a487caae-6da7-4b52-b1d8-7ba981684a2d.png,36
076ed245-ce8e-448d-b3ca-92c785c39609.png,37
b0963dde-c1dc-4601-8f3f-fb15110ae437.png,20
fbdf59da-dcbc-43f5-9844-f08d2753621e.png,0
fccafdfa-2939-4791-a0f2-49c6095413a0.png,9
86576adc-aa85-4add-8a41-4af8d5f6a583.png,13
6b8c07fe-ad7d-4321-b6b7-5f9330aa675a.png,10
072fb638-f07f-4ef4-a5ec-ae7d4a220820.png,15
f2853f91-32ba-4e77-a2cc-1c3e4c732953.png,33
3fe321e7-7c3b-44ce-b8e3-f6657e3728b8.png,23
189a772d-3319-415a-ab03-0c7c04402124.png,37
87462a8d-7c14-499a-a037-27c872e40247.png,33
e71fc321-7339-40b2-b676-b5b8e343f30b.png,22
b62d5122-cc29-4dd5-a537-dec959a1aee0.png,33
f3dee646-9233-4a2b-b3c9-f284a2e5925b.png,50
b653f6ba-dc52-41f3-8b74-bfd233ff74d3.png,60
cd1238d6-be28-40cd-bb21-916a3a72c8e8.png,13
ad04ce32-a43c-4007-bfcf-6fb891e2de11.png,10
d9998a92-5e1d-4a63-94f8-438f4e56383c.png,50
11c6062d-5af8-43c6-8221-9a55ccfc8140.png,0
b6701307-76bf-4b81-bf7e-690614431cdc.png,13
a811bfc4-1cc8-4bb4-837d-ce6b7cc057e7.png,15
19b86b98-11fb-4649-8472-ed579ecc08a1.png,9
30b22a38-f24a-4e53-bc48-7a98636a676c.png,13
8289d102-c712-444c-a7e4-acc9f53ded05.png,54
bea8edf3-9143-4ef9-903c-4518b47dbffc.png,31
9259bdb3-1ff3-4b50-aa8e-9f77502acefd.png,17
49bad0e6-6853-4618-b5b3-87fd8af5c2c7.png,53
2ac80ffe-97dc-4bbb-b490-6e5b00d16e04.png,32
dded705f-3d16-4c1d-998d-47551e424426.png,60
db72167c-f7c0-4bd4-94f9-22f9d4d31016.png,10
6cd14c26-eac4-44b6-ba53-bb820cafde49.png,9
590820ec-c78e-4abb-b6f9-de72bf6aa876.png,53
e1a9b531-abe6-4cfd-98e5-a4377ed8b9db.png,15
4ca63c79-5665-46da-bfb9-9d1199164652.png,26
e6fdecd1-36f4-45bc-a393-e01b2e697221.png,10
77ee8bcc-66fb-4a47-8b1a-5a203bb61f24.png,10
1080f312-2c10-412a-9637-3a61de881580.png,4
92c9e8ae-0cb6-4076-ab82-ff574711c383.png,53
fe373ad1-2d70-4f0a-97b5-401d6a236857.png,15
89f91b95-d455-41f7-a55a-80fe638e0727.png,50
d2dc139e-70dc-4182-9c6d-c21aedea5bb4.png,21
9194a3d7-0196-4b09-bd76-6a1aaec6573f.png,20
c33f8684-8f8a-4fdf-a3eb-8a356e82e8e6.png,16
a1f2050a-5830-4679-8ab8-0814d49f2a05.png,13
3b805168-f3bb-48cf-a4f1-0c6f460be60f.png,15
da703457-b56f-404a-b595-107d0ce0c8fb.png,10
ffff08d0-e1f7-4002-8a04-453bdaa4159f.png,0
4b8a27d8-aecb-4d49-a422-c9ca0b596fd0.png,17
ce46e530-6adf-49fd-b30f-138b3e3b5a84.png,11
bd154f88-d07e-494c-a2db-ada4e22407a3.png,51
37f3bb06-0c66-47a3-9255-d41ab825ad7e.png,20
56a24326-018d-4be7-8e25-7555ae641a31.png,10
79634d90-e070-45fc-92a3-e95d9fa4a05a.png,13
923cbbf8-f4fc-4e35-a0df-2fafd3672384.png,33
c5a4f955-9812-49cd-b7e3-de9573aed9b9.png,15
a2d09421-7ab1-43f6-96cf-0bca6fdcd8a3.png,13
230aeeac-27f2-48da-a07e-5df19db8e142.png,19
083ceb60-8ee4-4625-a51b-c1af2459ec31.png,51
f8d8804d-37b4-4b0e-bfdb-0af303ae5a75.png,30
b98e1a2f-d134-49cc-8b9d-f448b7044f47.png,53
e4d8d6ae-f8f0-41bc-9815-435d39859720.png,9
912694dd-239d-46bc-8213-88c15534380d.png,39
597d81d4-f3d0-4a57-b725-6a11a6031a2a.png,53
b100ef69-599e-4abb-af6f-5249d50b3d23.png,9
b97b5428-76e0-444f-9c5a-daa269c022aa.png,35
5e5524bf-755e-4a21-a88b-4a39a4891ea2.png,23
c43b15c2-e117-4e1b-9e2e-fd51ec33b044.png,24
a39fe6dc-d0ef-4259-b8c2-b994dadabcbd.png,14
590afa02-46e7-47d5-8564-4eb5f608ff4f.png,37
8474a39e-583b-4ed8-9062-ca40fa892d5c.png,10
bdfb3f8d-255f-4292-b401-ad07e7991cd1.png,22
b0ab152f-2f1f-41e2-8054-77bbcd497691.png,37
2858c565-91eb-4f3f-80c6-e093512338d9.png,15
9bbf3ede-be06-42df-b1c0-16b0361db2c0.png,38
824d90c7-cb83-45ff-9fcf-7124fc5d3d7a.png,33
76ede373-e53c-47e3-8931-2cd67ae58f16.png,27
d673bde1-1221-4614-8825-580a2e6ae936.png,22
2e44b220-cf8c-4127-827f-0012750638c4.png,17
6e553f09-5acc-4675-9b25-63f0e528ce2f.png,39
2eba3c06-67f8-49c3-9232-9a7d3fc54285.png,15
d61640bf-5509-422b-9a25-cfa9ead58ef5.png,20
59205f8a-5283-4c0f-b323-85d7293471ae.png,21
ffa8704b-503e-4d85-b07f-63e7cf2d5e55.png,19
663e8538-67fd-4f00-b96e-80b5243c5ff4.png,17
9b544ec7-bd6f-4b6a-8376-8f47e99d0fb9.png,19
6288f522-b529-4603-a228-6dcdb28590e7.png,23
983c4420-8870-460c-ad7d-d3e4915058ca.png,23
06521092-096c-4610-b35a-71506d318f74.png,10
819d4eec-75ff-4951-92a9-ee3cf4bffef8.png,21
532f6cea-3466-48c2-a2b1-c7ef9f77c30f.png,10
31507625-e5c8-4d02-ba3a-a14e23e943a7.png,19
db48972a-559b-4cdd-b6b4-b4064343f8cb.png,20
b3a33bcd-517d-4f0b-a8c3-37a5607e9365.png,33
a1e18b50-fb31-4b7d-bafb-775803dd2d3a.png,13
ecea5e9e-a489-419d-b8b8-a98546b2ac3d.png,32
0bf1c290-7008-4c91-9708-536f828fb9cd.png,2
3960e1a9-17bc-4893-8e17-a152930d1bf1.png,9
b995d10f-0c73-480d-aa34-e48c258ce9f3.png,21
9d760140-4ce2-40d6-8a97-e76e09776410.png,23
10862189-cc0c-43d9-b43b-35e062fd789a.png,19
8688f08a-075d-4e39-a81d-b406d7485185.png,50
e4c4488a-75f9-4cd7-b631-1f83d4cf972c.png,18
4344887c-3a9a-491f-ade8-0d1003dea967.png,51
9fce39ef-8724-45da-b59a-a4b6ee2aebe0.png,0
72da380b-c47c-4b35-a1eb-00c513fd0047.png,44
0a4bc523-f47f-4c90-9d07-c92313307e53.png,15
c8f4fc6d-1ae1-4472-865e-f1cca86037ce.png,28
623f9e85-7739-4c70-bcf0-f2de1ecc96a7.png,43
10d13209-19dc-412c-b851-0b1a82cf7f73.png,33
3ab3c0e7-288f-4d5d-a077-b2892a455c32.png,10
a27f269e-5bdb-4cea-80f2-7471e45ec2a3.png,36
36c03e58-adfa-4f9d-88c8-a1cfb81c631e.png,20
11ed7bd0-eb31-4472-8f4a-42e83b5f9db1.png,10
35fec548-7053-4d72-bda0-d851ac9d94bb.png,9
9b96f460-e20a-440d-ae04-7e19d516bd2a.png,9
54d231ef-ef16-4e3b-b856-c0cc15fdd68a.png,43
4f049c34-cc00-431c-ab88-fa416e053655.png,38
9bfc619b-4db4-40ab-8db1-3ebe068b7e8b.png,60
1fc96cde-0790-48db-9749-889bc60cce46.png,15
5ba15455-77a2-4c13-acff-151228d7b047.png,45
2785acca-dc2b-4121-ab61-45daf6c86924.png,37
580e03bc-ddfe-43a2-b73c-d0c2eb551fba.png,19
7ca4ff0b-cd60-4af5-b7e0-dfef1955a3c3.png,40
6c0e0a15-c3a3-4c48-9be3-399fda5c2baf.png,1
3f30dc81-7679-4ca0-8206-46bdf654f00e.png,2
91d842e1-9f79-4fe0-9c6f-0c93fa2a1794.png,19
3f472a5e-98f1-4f77-b1e5-5275a46a91ef.png,49
13ceb121-149c-4160-a2b9-333a499d422e.png,10
7acdbeca-d0d7-4c67-980e-0b5ac29c540c.png,33
a565c019-f83c-4189-82cf-0bcd43c02f20.png,45
b67c4655-33e5-4c88-8c2e-73c23bf92df7.png,19
cdabf8b9-0dca-4068-b646-836f2c66059a.png,53
3573fcb6-b6cf-445e-af41-50eed38477a2.png,0
360eab64-7211-4979-a719-c9588eaa43e4.png,9
954e15a2-e7c2-485e-919c-38de34a17cee.png,14
bd4ea76b-4cb0-4d14-ab24-abb8cc63bbd9.png,13
f93f0f3c-cd49-40cb-8bda-a7469d39d5c9.png,20
489b91dc-b628-4573-b97b-9dcab21546ef.png,27
fbe75b38-d467-484e-ab5d-47a205e20025.png,61
4213fba3-97f0-4a4e-9021-62d7294dd1b4.png,10
ccc7314e-de89-4958-9bb8-ef274ab47854.png,24
b66548e9-7bfa-48ec-b189-6f494986c520.png,23
9469729a-2bbe-4f16-b17d-31fa3233aff2.png,10
2ce4765e-4e9a-4adb-9076-314a1f1f1ca9.png,23
9b69a220-9c1c-464e-9561-ff1effd8abe1.png,4
3131ebef-ee2f-469e-b22c-88a73fff8485.png,0
64b614a0-90f2-461a-9ac7-07f8b2c5b87a.png,54
a59a9675-0d09-494d-aa42-e6aef94a94eb.png,10
b5440ab9-c09f-4402-b9ef-89b91935ae1f.png,20
790cb1d4-dc42-4cf9-b5a9-4a81c2ea9cec.png,20
c793bf6e-64a5-42c4-8a29-94c1ca5d9e0c.png,1
02240337-b29a-4e29-84e6-f99609080fe3.png,23
b923daa8-dc80-4091-adb1-1d2fa7996e5b.png,17
6293d99d-ce5e-4237-8a2b-f0333edd8a4d.png,35
30a27c76-15c2-4e29-810a-be4bdc7cb712.png,10
48f7ff8d-90d5-4989-aee9-e76905560253.png,22
38eb6a5b-21a1-48bd-b846-daaf6aa9b61e.png,15
9bc4132d-d954-4e86-865f-648a856f139f.png,23
dd9da3e7-6fae-4577-a7d4-b314ad46b67d.png,14
d7c7c8ed-72a3-4d2f-b337-d56b9a49366e.png,49
de08cde1-5bdf-4645-b029-1a42ed3bf00d.png,10
e7db3d85-9c7d-459b-9404-223292bc2f7f.png,2
94c81b83-280e-40ad-9b36-bf52ea0c424b.png,54
c3ad57e2-8f6c-4b11-8f00-7a14fa5d2252.png,10
b981c6d2-00e9-479a-acd9-f01c73e53953.png,13
dc749934-0b31-44f5-8d92-778d37b5b13c.png,30
45c1f247-f417-4bc8-b78c-7dc642d8fa21.png,15
d1bb5b3f-fe84-457b-86a0-78952716b53f.png,4
82f40a2d-d349-42a2-ba64-36d0ef62791b.png,32
e3211998-a4dd-478f-92f5-8b57c2237013.png,42
bff01fea-1824-424d-8096-5d6d91a0fa21.png,13
f0e52f5a-e537-47ef-a38f-ea64b7a6def1.png,2
522c93de-2717-4d65-9185-986a093ef81d.png,20
4d26b9ee-9ac7-4127-8466-374efb4414e1.png,15
6e022ab5-36fd-4cce-a47f-2891d2460cf3.png,2
74bf7ae0-26cf-4fb8-a71b-019363e08102.png,20
5d871c6a-dda4-4ac2-b467-6ad7a85a752a.png,53
d71ea884-5592-40f2-844b-5591c6b55b4e.png,51
74c8f050-851f-4be4-a3d5-55466d0848e8.png,2
487597b4-9995-4a32-816b-f98922d49e57.png,21
90c39d7d-ec49-4b15-9840-7df8a3f6dec2.png,37
81ce48a9-fdef-4c3c-aca7-0491c68b0de8.png,40
30506ab4-2ffc-41e6-a9cc-8dcad407f889.png,53
fd0f2778-e14e-4e09-bfd9-5d453a3158cc.png,13
0595d78b-0969-49da-813f-a291a3af8202.png,2
d8c8ad03-9a15-465f-90d1-dd93016cf098.png,20
c9801a2e-f2ae-4a6c-8d03-8caa5f47cbc8.png,9
95c83272-b466-4503-88a5-02c0436a63d8.png,33
aa04211c-eb05-4f37-80f2-e7907196977a.png,37
d2c13d8a-3d82-48bb-a29c-1bffc3dac006.png,9
4fd65fc1-a2c0-4a93-a905-5596fcfc5999.png,36
4b2fee70-ee03-44f7-8ad2-ea3079ddc042.png,10
90e0c833-6277-4c50-9431-af47bd028a62.png,10
2c3436f4-042f-474a-92c0-19dc84deb2ca.png,19
3a2a6141-2839-46f8-9b30-a6018f3d6fbd.png,10
46800381-3bb5-4e03-bb26-712e32aa08bd.png,18
942e6422-b3f0-4288-a82a-fa5b7c75c53a.png,30
b55f6706-1cd8-4537-8972-ce3835fd4562.png,41
9a041598-2952-442e-b3da-fae5854915e6.png,32
062cdbea-2a7b-401e-a527-87e647e29cb0.png,35
42c00d76-cc10-45b4-b472-fe7b781ca2bc.png,33
a5cab730-25c1-48ca-bea1-f279d1fc2494.png,10
7a0af367-b3a4-4d10-ba11-e53c1089fb52.png,10
7e49ea83-441b-4a86-aabc-46d1ac3a0625.png,53
09bfcc45-a296-4c9f-afc9-e933e10856ee.png,38
7567d446-b436-48d8-816c-60ee9dbbb4fe.png,15
74140a26-e8a7-48b2-99c3-bf0d8022348d.png,38
84cac36e-6048-410a-8eb1-b4a89493705f.png,2
b6b516cb-e358-4c10-b392-61752752e495.png,23
b7404a4e-c2ab-425e-b1c9-e12dd2727bf3.png,9
60f96caf-e384-487c-8bbb-55793eee54dd.png,21
3cd4b04c-99ae-40c8-a6dd-5121fb3415a9.png,4
506f2b96-b700-4e63-b037-b73f5dad24a6.png,16
5a0ddb83-cc71-44ab-82a1-3dc2110c9d82.png,33
65d64bb1-5c7b-4d24-a836-074840fafe2c.png,15
dd95d820-c246-41c5-9cbb-6e62c514ab37.png,35
d66d3996-3d7e-4f45-b70f-bc563a58e315.png,53
ea88c810-4a1a-4746-a3c4-2896c87bfb26.png,2
d1280c80-d3f0-4d92-9875-242481b7f212.png,2
f80c0467-35eb-4841-8462-b90c89e930f2.png,17
f10b436c-b480-4773-9b2c-35ecb7f463ec.png,27
65fa886b-1533-4cd9-b100-4ab28433d05d.png,20
ca586fd8-34ef-47e4-a25e-c2c758d89786.png,23
5f1184b2-e4fd-46c4-95aa-380837d5eaf2.png,3
e1a8bd19-a26b-4d0e-b3b6-7c68956376c8.png,37
581d7f9e-5796-49ef-91be-f9a6b7b21356.png,37
371317f8-7159-43a8-9cd1-bb09c21eb3fa.png,21
ae0efda3-b7a4-4422-ae83-26b17c73a7a3.png,4
1c7c1254-e039-457d-94ae-72d67a63df96.png,20
ce152b0e-d5ff-4777-becd-6260e1dd7220.png,9
09014ac7-be0a-48eb-972c-ba9ea98f9c2f.png,4
fd6e7218-6717-4362-acad-fb39b2241e4a.png,39
46257cb8-71fb-4605-935f-e6e34d5b0d40.png,19
a90f8437-da40-4c87-b864-735727bef6f4.png,10
1fa29d59-475e-49e2-a29e-4f3727563a66.png,27
cb772400-4b86-4a50-89b7-19ebd5aa4ee1.png,52
1986dd86-cebb-4b38-9da7-85c03db47123.png,33
e5c460e2-a0c8-4303-bd7a-85a3278fcf83.png,9
dae62e48-10ba-4b1a-981c-03c697e7ce75.png,13
a610a1dc-5bd7-4eb0-ae3d-5e9b51d61bbc.png,23
c63ea654-d2eb-49f0-b715-6b60122a4c18.png,15
02e85646-88c3-4c1b-b3ab-4e957002cb4d.png,2
9200bc53-ff35-4ba4-857b-87af4697c318.png,35
69ed60a6-5d44-4f34-b065-2ec600590588.png,4
b1e10fdb-2d5c-4136-a880-1e5e22e8d608.png,17
ff69754b-1a25-4c3d-8317-c0e9d8584988.png,9
4ecdbc5e-6207-4805-9bb9-c41ca7f10440.png,10
c0688665-0115-485f-9850-a846362c220b.png,9
342abc82-18a2-4fb9-ac14-af4ee2dce8ea.png,13
c06c65a1-459d-455a-a90d-41c864945b3c.png,17
f19f2ad1-6cec-4216-92cc-3f6e7e6b4674.png,13
faa9798b-d85a-42ed-8b87-8f0253716f48.png,52
c38b4db5-defc-4fe1-91e4-ad3fe6422efb.png,42
9b983cfb-5817-4246-b0bc-a7ee7454729f.png,9
25c7c936-0901-4566-babf-8fa5e0928b29.png,3
350c3c87-d686-4009-bd62-f55061ee5e4e.png,42
6365b50c-a4aa-4efd-bac1-1f2903386448.png,54
4289f3d5-aa8e-4878-9a70-463a86cac218.png,19
1eb0263b-be23-43e7-8521-08f0649831ef.png,2
f8db46bd-6cff-4684-a2f5-39926dd43244.png,9
c107b130-9600-4bb8-ac47-d5d2321bc641.png,15
5f8ac236-c2c9-4d67-bf03-298842203eca.png,10
8eee7c1c-106c-4714-bca1-a5aa951dcdea.png,10
eec65e6c-3f52-4044-8225-51af32cedcad.png,17
644f5347-9737-4b96-8789-2b7bb48f6b0a.png,9
98bfd580-dd4c-49bd-ba92-57076c79a5b4.png,23
6b0df282-b276-46a8-8e00-6a4d3daecd9f.png,47
4184819b-9649-4007-848c-cc34c53af81c.png,36
34e8ed22-3236-4b55-9434-6a9305c535ff.png,33
cc2f76f8-f901-4a6e-8ef3-077ac25c819c.png,4
2b9c4e0a-1261-428d-8aec-82b2aef67a6f.png,20
35c36942-ae09-43f4-bfec-13a09c58bf13.png,2
2b74240e-10d7-4b47-95f8-d3252da1ad9e.png,9
e30bf730-3eba-45f9-8b8a-1584ae12cb66.png,21
3484495e-9cb8-4233-ae2a-2bfab9244f35.png,17
992abb5e-47b4-4aff-85db-18ffd30ecd07.png,52
17f3ae71-6dba-4dca-b01e-e43e2ce3c5e7.png,10
32795b2f-91ed-478d-87b8-325a44fcbda4.png,33
71ec5504-1f07-4038-97b4-30cad40486f5.png,52
84a957e2-a43b-4167-b6e0-964895ac9d95.png,21
595b3e96-e114-44a6-8815-8e640a05e234.png,36
dc663738-3601-411e-a8ff-155031774b5e.png,37
0cc28120-2efd-41bd-9513-b33874dab859.png,9
ea86590d-a2ff-4b5b-9f8d-de98442f3471.png,13
640d7096-e8f8-4483-89fe-ff56e3efb62c.png,9
202c1785-9b7e-4e07-a5ff-dfc5bff8d982.png,52
ddc32b33-5483-48c4-a506-8a5a86696f52.png,35
712abc75-abee-4fa9-a1ba-49547a9ee9ee.png,15
fff51684-9138-4cc7-9d5d-705211ca2cb1.png,20
85f4fa88-e08c-4958-943a-f90a4931b519.png,32
80e7b97f-42ba-40f9-a054-62b78f55cd66.png,17
bcaa5dbb-b194-4275-ba29-5635c4bae5bf.png,47
eecf0ea1-607c-4042-ad0b-52f848e15456.png,42
2c5117fa-11c1-4c26-8f37-9aa0a8c14b70.png,9
201739f1-780f-4f22-9372-ef51295b7511.png,15
1c57e5c2-bba6-4ecf-b6a4-1172540b05e0.png,36
3da3896e-5c33-47db-a6f7-5cc8e7801c3d.png,20
0552d57d-38a2-4d24-ae84-62545b82fbda.png,28
03916003-e521-4ee5-8a5e-e6a463b9809d.png,4
3de38a17-398f-4524-8eb5-d96dac2ab56f.png,33
c2defe69-c9c4-4c2b-80d2-0a84147ec35d.png,16
7abbd68e-e919-4c5e-bb93-c2506ce22d92.png,20
030aa13b-9b3d-4296-97ea-6628753d0f51.png,10
a4caab1a-4f3b-42da-bd1b-ce52fc49e573.png,15
eb367625-2591-4ea8-8da1-58fc2eb28aad.png,37
a52f9f74-ff51-47aa-bcf5-62d55b559b4a.png,19
e2030a6f-39a3-4167-be92-503be40d4c86.png,27
5fbd4bdb-7996-4911-aa42-7fd043f3fe3e.png,19
86c99d3c-168d-401f-a8ee-19273e2e77ac.png,24
3210b4b7-82c8-44e3-af2b-de15490a6c1f.png,10
0e14df64-cd3f-4671-9f81-a65c4e859885.png,10
e7adea82-121c-4f60-a5b0-4b7cc3088f02.png,15
9a27e890-ea09-49e6-946e-8e299dade25f.png,33
4a2634de-a7d2-4dde-bbac-748e758cea98.png,10
889b5dad-537a-4ad5-8ffa-24e4bf9e0b63.png,60
fc624238-8e09-4039-8b0b-e9b05bfb20e3.png,10
4245c6d2-30a5-4007-9dfb-1f840e34a11e.png,46
d66bb211-089d-4f6b-9c11-4ef814100d71.png,10
5e717676-ff82-49ca-8c43-4e251a4e9344.png,27
d1e9aebe-6887-4382-98b2-2001759a65ba.png,61
98e5e665-a419-4d10-89e6-9b2b7c47d416.png,42
75b1f439-0c44-4696-b780-bb35e884ced0.png,10
606aee79-d41d-4b1a-a06d-647723e93e68.png,23
721fe641-b544-46a1-8635-e12fd2e3cfdc.png,9
6f18be45-848f-431d-9644-72c391b7c04b.png,33
938f7c7c-8669-420d-8e66-9113da05bd28.png,18
ef09499a-9109-47f1-95a9-0dfb52659688.png,41
66880518-421e-451a-ba86-144f1bbc33a9.png,21
9f4ab7df-515d-46d3-9ac6-a853f6ac2b06.png,33
faa51e3a-1b7b-4828-bc3e-ab661b40e035.png,17
e6449109-7e1e-4758-b111-d10c74063cd0.png,37
4f5bc6a2-c6ea-4a07-8fb1-1cc06c8aac04.png,19
c56498cb-67bc-4c98-969b-aa0507f7f698.png,53
98a920ab-104c-40f6-b053-05f929dc204b.png,10
0d10dcff-d518-48c1-9d7b-c8ea305baec3.png,38
9b2ad692-106f-4bcf-9f96-c8f70e7918ff.png,13
3c5b3bd4-22cd-4b5a-a133-b340b534d318.png,20
f7e60055-8e86-49ad-8f31-f36f5760ea01.png,16
224606ae-db91-4a98-9186-aab545b8f9d6.png,2
0060ab97-55db-487e-9760-c773705a82c0.png,15
8d77c3da-3538-4c5b-9b70-1d43b5405067.png,15
e8688769-5f82-4a23-8185-92d53061ecb5.png,20
855523b0-9cc6-41f1-aa57-63161e99fd36.png,16
1a70a76c-e614-4505-918a-c260d1f74463.png,4
24995d94-0b80-473c-804e-8c5bbc664de0.png,32
cbe22113-1eed-474a-9b17-9dd08b8f59b9.png,17
953cc5f3-4127-49e5-93c1-d5db5b2cc364.png,21
8431f38a-19f6-46af-862d-fe7240fe2abe.png,0
83490e2a-11ac-42ed-9f97-6b11f8509d08.png,20
9a8b8937-93b0-488f-a8fa-110dd5922c40.png,54
7c123173-2d5f-4f5e-b235-5d97ca7aa999.png,51
544b9926-ab1d-4ac9-a37d-c86c220ac857.png,4
6af474e0-61bd-4588-bbed-4ba7e79fd828.png,53
c45852fa-288b-44d8-ab7a-391e5820f1ef.png,51
6bdfcf05-1a3b-4ddb-87e7-e13055b2199d.png,4
307817a4-ece5-4bde-bd5e-ff957938a0ae.png,33
ca22f8a6-0d48-4b8e-859a-0dfb5fe3e9a7.png,23
4a2037e1-9214-4e18-a3e1-14a3a22166c6.png,22
6123b350-7fc3-46c4-a07f-c12aa8be47b1.png,20
bec66e2f-ee5c-4aed-9104-1a5dbbc05288.png,15
3935929a-9afb-450b-85f4-23dbfd32d2bf.png,9
8e5b8880-1e80-49be-afca-87014d275f85.png,60
1163bd1e-f140-4345-b2f2-454444970e3b.png,23
ea59af80-9bec-47db-9957-f1aa400e69e9.png,27
ddce382c-0a09-4edc-86af-89c1eb0bf17e.png,21
94aebfa7-88a6-4d2e-aa22-98c4259f4147.png,9
c7831db4-12c7-46dc-9049-462282317745.png,19
2e63a24b-5dc8-4787-9541-5375ec87909e.png,20
40b92712-2414-4874-8104-dc9287d35cee.png,54
70a06b58-1bcc-42b7-8c55-dd406b29b43d.png,9
437e4e8e-095e-4777-bf66-ab748d2626dd.png,18
cd0d532b-fde0-4ca7-94de-747b79044c2e.png,12
1f399070-8f7b-4c56-bf8c-1e1f3327ed53.png,33
939360e8-fce9-436f-a7ff-d85b548b0ee8.png,16
218d4d87-93f1-4469-9bf9-a33a3242be32.png,4
c22cd0e5-4bc9-4a46-ad40-6f5c0e35d581.png,33
ff9ede2e-4c96-4eb4-9ccc-794c559375bf.png,9
af59c6b9-dce7-4ef7-8574-1bb351d68f03.png,23
a9c1fd06-8f10-47c4-a08f-e95171d47901.png,20
8b00a82f-d450-4a92-b876-1391438f670c.png,26
a315bb34-3dad-4f05-ac1a-2a167217fcf7.png,50
706914ae-7e1d-4318-9f5d-84f3e6640a8a.png,10
59b6cca9-aea5-4d0d-90ed-f33bd0c9f05a.png,20
e940d632-23ee-465b-bbb6-549320fbab60.png,38
2b39f771-a09b-41d6-9687-5e6422408a51.png,19
65276d54-8c89-4275-a7f9-4500045ae8cc.png,17
98a36350-93a3-4bc0-8eaa-13c56b855c36.png,40
21fa48e3-a952-4129-9daf-8418eac489dd.png,10
b8131583-033e-4a4a-9097-b72815dcce4a.png,10
86650f84-7f61-4161-9d63-4b5eba49531d.png,24
8b498541-e61e-48ab-9318-970745974c02.png,15
9d9ea469-6b2d-45d9-99f9-e7701958c661.png,33
27aa5a8b-1a5b-40e0-9ba1-870445c5bd12.png,17
a81ef43a-b6d4-462c-aa18-996ea572760c.png,29
2aff59cd-31ed-4e5b-b2b5-cd521dc5ecff.png,15
a6e5f9cb-4af7-4cf4-8b05-042ee80f830f.png,27
1c4a905f-7983-4449-aaa2-8e0f385ff627.png,20
92c639bf-4761-479a-aff2-aaefa6b05c52.png,9
5e06234f-d648-454a-87b2-977cb79382f1.png,3
69b92194-b59a-4017-a285-715d95545f76.png,20
3c8ab728-4e00-4260-8e55-0796b9195d4c.png,9
e24a17c6-6d76-4e0f-bcf5-80faf10ce9bc.png,52
8a4d35e4-2b3b-4cd9-83e0-1eed3198d267.png,22
8c667eb3-f2c7-4392-ac42-ebb9d239c8a2.png,32
8f087bf8-77e5-4009-a952-72889d7db4d4.png,10
7c43d540-d610-4bdd-aa55-daa945863b14.png,47
6ae231fe-bae3-4aef-b4a0-dfd123c2e8c0.png,13
fe9d2c88-f394-43c6-b976-e6ed8b15a07f.png,10
47d8b119-1a8e-4890-8baa-071d13c4e0af.png,0
9acbd421-8291-47a0-ba20-fba1f521543a.png,10
e391d464-797c-4b3a-bdf8-b40b3aebb76a.png,36
16a46820-6eef-459a-812b-96e5678394e3.png,37
a72aedb2-668b-40b2-ad17-12dbef99c3a9.png,24
fa0b791d-731e-4ecb-8d11-73044396e773.png,52
b974e234-cff8-46b5-8bb1-f4d97b1c183c.png,52
fd910e66-b20d-498c-8bb2-d3dfb3005514.png,51
160c95c9-ae2f-487c-9d97-861c98bb0ac9.png,33
28e40f04-4e0f-4f6e-a871-ba01caffac91.png,20
4d55800c-4a7e-4967-afd1-e04c8e50e39e.png,53
e36958c5-611b-474e-ab04-e63a3f3c6f36.png,53
c311220d-9765-4868-94c9-668f8bf38e13.png,50
3368152c-4e6f-46ae-a504-6becfc5411ac.png,10
95ae3a87-ad91-4958-9eef-0d3e6d24d803.png,32
1451bfc9-7e41-43ff-b7a8-58f578191a9d.png,10
dd2c8989-9ae5-46f5-8fca-2d61cf06e51f.png,23
0bda3e99-c1ac-43ff-b72a-aae75f3d660e.png,33
cf4132ba-cf73-46e4-a487-41bd3ca8011a.png,9
36077c35-d8c4-4f80-9644-56132b9a79a0.png,0
8ea724db-1dfa-4f76-91f7-b3bf2486cd7d.png,10
710008f6-00ac-403e-bb58-3ce854b445bc.png,33
0aac8e45-3cf7-4e92-aa76-b4adb27861e5.png,0
d82779f8-07a1-4e5c-83cf-550f67badab1.png,15
98ab258c-6d09-4ba3-9eb5-1837819cfbf9.png,33
6dc2423c-68b9-4814-9ee6-a0618fbd8a1e.png,15
83b97e77-d46e-4893-a12b-585e82253f30.png,2
eeb1c699-487e-451b-a257-ede683895e69.png,17
08474e18-f9da-4fcf-a154-369caeab8f73.png,47
3a011fe6-b177-41ad-b9a2-b36d107aaba9.png,40
5edbeebc-9852-449a-9137-d7a379067c8f.png,47
26b223bb-9b93-4db7-a558-f1ce79d14ce5.png,35
848448d2-2e09-4a40-aab7-28ac6360fedd.png,42
744ec4c6-ef2a-4cb2-a0b6-e39acbd61c90.png,32
32ebf0f3-fa08-4231-9b08-f26b813d580a.png,4
72657fc1-3792-42ef-9aa7-456093940c6d.png,14
9cae4452-f7dc-4076-9302-ac321270e0eb.png,33
9b2c6ade-8036-4b00-b395-7dc09a7cd7c2.png,6
d883ade3-95e7-4dab-b7c0-8cf37c9f44fc.png,33
006d8593-3b00-45bc-b8d3-717bb862519f.png,19
b88dd3dc-9287-4a38-9cb2-2690cc26a866.png,54
beb4eabb-52a3-4aa2-823f-de4711ee8a3c.png,15
1b96651a-17eb-46e6-98b0-e23bf25338d5.png,3
b5d37590-9645-4236-be48-35059c2f4b5e.png,18
367e0ac4-1778-48f5-960c-8e2ecb1998b0.png,48
5cb956f7-486a-4143-8925-80fc07339f92.png,0
810f6bed-1727-40f7-a8de-ecfbad505bbe.png,2
ee253090-339d-4b03-94a7-4be9361c4bfa.png,15
afe07acf-d1d1-4c55-8666-1eca9920bb8d.png,10
184149a6-6a21-429f-88e7-2d18ba78f231.png,37
5b242f9c-64d6-4135-98af-6df02b1cbd34.png,50
78489e62-c96b-4435-bbc5-fe88a5e94472.png,10
a2921ccb-8514-447d-a500-98c0223f89f7.png,10
a297496e-5ab5-4bbd-b0bb-792d005fbd46.png,9
b291b3ce-9143-4baf-b45c-40b362aa0ac3.png,53
eba7ea4b-a783-42d7-8b33-1731aaa92372.png,52
40aac90b-f0e9-4edd-a471-74b11d4fb76f.png,30
b2c7b69c-02a1-48f1-bf4f-5006e5811e89.png,23
d9f0646b-fb05-4b85-9a9d-1f6bf53bde71.png,10
a4442fa9-507d-4835-9814-7faf22a92c74.png,49
482c1e4f-30b5-4439-90af-79fbd900c5b2.png,13
73c413cf-8169-4548-9c51-2536c6685b69.png,49
8503d342-c564-4004-a688-69e52b95e31d.png,13
b961c3dd-fd73-4daa-ae83-221291e7a343.png,10
536c3092-29af-405a-bf25-7cfb6bbb194f.png,10
cb6dbb6f-f22c-4d62-929c-febeb1599086.png,32
4008f835-51fd-4014-a51e-9ab9fdbd4d78.png,26
c49c267c-cbcf-4a6d-9ba7-a78b5ec8a1bf.png,46
c97b8fd4-a79a-4e28-b04a-9b4b67a4bbb1.png,52
5f24b83c-4550-4420-8221-d57a28696bee.png,23
6d12c021-aa16-40cc-8f81-e8b3805d1045.png,23
aa2e6639-f63b-4991-a613-7c6604b6e4b5.png,18
9776a367-7579-4060-8550-373373c2c2ee.png,47
8c88b5dc-725b-4bbe-8d4b-23678cfd8f1a.png,19
78dd59ea-a197-4df6-ae59-ee55adcf4ee7.png,9
35d01834-24fc-4ad8-9b8a-7d18823fe525.png,23
51f72b93-9ca3-4386-b335-7ce9039a9b74.png,13
79c1e144-0e69-40ea-b6f1-10eb188e402a.png,27
6b2c0d08-91c0-4311-9948-32ae958c97c6.png,20
2197557b-5c28-4b52-b403-9e51ae71dc12.png,49
92aece97-f469-4ac4-b80b-e3dd7ac96b1a.png,21
0cc10115-990f-4fbb-b5b2-5dc5185d4f19.png,10
0cb917f4-2e54-436d-b6b2-01b198a7c427.png,33
fa6d177c-7919-40d2-bab2-43a560347876.png,40
0b446d53-3bca-4976-94b0-fa39eb3d5f6c.png,23
b1d63526-a256-4e1a-8577-bfa24d72f42d.png,9
6c9ca6a6-2885-42b7-83d3-43e7b4b587e9.png,10
de3a04c2-7cc7-425f-bd1c-e31f622d7b74.png,10
c5342289-5a24-4d69-8230-05ca29f9e826.png,10
cea60da9-b001-4309-9e5f-e34d55532c44.png,6
9b659fc2-136f-4baf-b343-054edd34c698.png,50
b00b336a-11df-4b5a-be0c-a0ce2bd6a9d3.png,49
dd992871-e17e-4052-924e-bcdb72bea6a9.png,0
fcc5bc15-26b9-4a04-903d-e1024e310dbe.png,10
8330ebd7-d049-4201-8851-e802e6fdb1a8.png,17
ec8cf828-a6f5-46ca-9443-e07e41f8d1e5.png,53
dbc062b8-0ee5-454a-a521-96b7619b0597.png,15
ced7559e-3491-428e-9e2b-8ebb18421173.png,31
2732617f-6650-43cc-85a3-e9a8de853bc4.png,10
630d0c60-efba-444e-88d2-f895294cc640.png,44
ad7e36d8-bc74-40d6-9ee3-5498d97295af.png,15
77197178-8ab7-40d8-a308-6b19f7dfaa8c.png,53
1dc10091-8063-40af-bac5-d0e26b4d9c70.png,19
4fe268a0-e66e-48cc-b54c-54435bb4ae50.png,10
46d0b035-dd6e-44e4-a735-199ed6e4d458.png,26
105d428d-f2eb-4654-bc43-0fab75ead069.png,10
